class,asset_id,source_asset_id,source_canonico,output_derivado,dimensoes,transformacao,sha256,rights,proveniencia,consumidores
"PRODUCTION_DERIVATIVE","MM202601_procissao.jpg","MM202601","public/media/museum/originals/MM202601.png","production-derivatives/MM202601_procissao.jpg","2048x1466","resize/reencode JPEG","bca8a0261ff4990527627244e98ededfc5c03a22356ec21a26ae6441c81dbf51","authorized-for-project-publication; credito obrigatorio","Arquivo Nacional Torre do Tombo — Foto Samorrinha","poster;materiais;dossie"
"PRODUCTION_DERIVATIVE","MM202603_pessoas.jpg","MM202603","public/media/museum/originals/MM202603.png","production-derivatives/MM202603_pessoas.jpg","1757x1322","resize/reencode JPEG","81c2b49c58a2e0b38afdc5565fd9b8912dde4c3da8c82e37a28a7e8237c8151b","authorized-for-project-publication; credito","Aldeia de Estoi (Luis Barriga)","poster;materiais;dossie"
"PRODUCTION_DERIVATIVE","MM202608_contexto.png","MM202608","public/media/museum/originals/MM202608.jpg","production-derivatives/MM202608_contexto.png","2048x1222","resize/reencode PNG","f05f61fc560f5aef20b0da882248bde295ab34b9c66f10f84f3a542d3bf0f393","authorized-for-project-publication; credito","Aldeia de Estoi","poster;materiais;convite"
"PRODUCTION_DERIVATIVE","MM202608_ctx.jpg","MM202608","public/media/museum/originals/MM202608.jpg","production-derivatives/MM202608_ctx.jpg","1890x1057","crop/resize JPEG","0c56eead9cfae2c254fea3b82ba3703a6fe106b8edb3849c1eab5dc15f2f3359","authorized-for-project-publication; credito","Aldeia de Estoi","poster"
"PRODUCTION_DERIVATIVE","MM202608_hero.png","MM202608","public/media/museum/originals/MM202608.jpg","production-derivatives/MM202608_hero.png","1970x1069","crop (heroi s/ ceu) PNG","7f6f73be048b63ed3c99d9e6ba3b90b49b09cb0a980db06b2e7279e2a410e84b","authorized-for-project-publication; credito","Aldeia de Estoi","materiais"
"PRODUCTION_DERIVATIVE","MM202608_nb.png","MM202608","public/media/museum/originals/MM202608.jpg","production-derivatives/MM202608_nb.png","1970x1137","crop/ajuste PNG","f8e53a638e9db9603dc83e07f4f99022bbea679b7e32780eba49343089e8da68","authorized-for-project-publication; credito","Aldeia de Estoi","materiais"
"PROJECT_GENERATED","oficina_escavacao.jpg","-","(IA do projecto; sem original fotografico)","project-generated/circuito/oficina_escavacao.jpg","1920x1280","AI-generated / project-produced","a046ddb8420155ac52a74832322e37eeee4e32f5d16516b26ab5fb0a4b41cd92","IA do projecto; disclosure «representacao conceptual — nao documental»; nao-fotografia; credito projecto","Ilustracao gerada por IA (projecto)","poster"
"PROJECT_GENERATED","oficina_estratigrafia.jpg","-","(IA do projecto; sem original fotografico)","project-generated/circuito/oficina_estratigrafia.jpg","1280x2313","AI-generated / project-produced","6a3558bfe799314039b31cb372d73313cf11c6344c37ac07f7f5490acf8467b3","IA do projecto; disclosure «representacao conceptual — nao documental»; nao-fotografia; credito projecto","Ilustracao gerada por IA (projecto)","poster"
"PROJECT_GENERATED","oficina_mosaico.jpg","-","(IA do projecto; sem original fotografico)","project-generated/circuito/oficina_mosaico.jpg","1076x1008","AI-generated / project-produced","0189b6e422e9915aac5a154c6bc5741b9300274eeb84f742f8ca1eb32a4d1a54","IA do projecto; disclosure «representacao conceptual — nao documental»; nao-fotografia; credito projecto","Ilustracao gerada por IA (projecto)","poster"
"ORIGINAL_REFERENCE","MM202613.png","MM202613","public/media/museum/originals/MM202613.png","(referencia canonica — nao duplicar)","-","repoint (byte-identico ao antigo hauschild)","(ver originals)","authorized-for-project-publication","Col. M.L. Mendes Martins (Celeste e Branca Pimenta)","poster;dossie"
"PENDING","milreu-hoje.jpg","-","original-reference/milreu-hoje.jpg (NAO versionado)","original-reference/milreu-hoje.jpg","2000x1500","PUBLIC_SOURCE_REDISTRIBUTION=PENDING","4d8bf958e6c38261c1498bb0c79dc21dc6782fb3ce8d8362db59ae622d270556","direitos A CONFIRMAR; so mockup interno (ver MILREU_EXPO_CAMADAS_DOCUMENTAIS_v1.1 L79); NAO adicionar bruto ao Git publico","Foto do sitio — autor: Jose Antonio Paula Brito","poster"
