path,type,status
01_README/README_KIT.md,doc,phase1-preview
01_README/QUICK_START.md,doc,phase1-preview
02_TEXTOS/DESCRICAO_50_PALAVRAS.txt,texto,phase1-preview
02_TEXTOS/DESCRICAO_100_PALAVRAS.txt,texto,phase1-preview
02_TEXTOS/DESCRICAO_250_PALAVRAS.txt,texto,phase1-preview
02_TEXTOS/BIO_PROJECTO_CURTA.txt,texto,phase1-preview
02_TEXTOS/CONTACTOS.txt,texto,phase1-preview
03_PRESS/NOTA_DE_IMPRENSA_BASE.md,press-editavel,phase1-preview
04_IMAGENS/LEGENDAS_E_CREDITOS.csv,direitos,phase1-preview
04_IMAGENS/USO_E_DIREITOS.md,direitos,phase1-preview
05_LOGOS/REGRAS_DE_USO.md,logos,phase1-preview
06_SOCIAL/SPECS_SOCIAL.md,proposta,phase1-preview
07_WEB/SPECS_WEB.md,proposta,phase1-preview
09_QR/QR_SITE.png,qr,phase1-preview
09_QR/QR_SITE.svg,qr,phase1-preview
_previews/09_fact_sheet_preview.png,preview,phase1-preview
_previews/09_nota_imprensa_preview.png,preview,phase1-preview
_previews/09_social_institucional_1080x1350.png,preview,phase1-preview
_previews/09_social_local_1080x1350.png,preview,phase1-preview
_previews/09_web_hero_1600x840.png,preview,phase1-preview
_previews/_PRANCHA_KIT.png,preview,phase1-preview
05_LOGOS/PROJECTO/logo-projeto-comunitario-milreu.png,marca,phase1
05_LOGOS/PROJECTO/DOWNLOADS.md,marca,phase1
05_LOGOS/PROJECTO/REGRAS_DE_USO_DA_MARCA.md,marca,phase1
05_LOGOS/PROJECTO/DESIGN_SYSTEM.md,marca,phase1
08_CARTAZ/REF_ITEM8.md,ref,phase1
