asset_id,filename,sha256,tamanho,classificacao,canonico_identico_path,origem,credito,rights_status,usado_por
MM202601,MM202601-original.jpg,bca8a0261ff4990527627244e98ededfc5c03a22356ec21a26ae6441c81dbf51,617KB,derivado-acervo,-,"Arquivo Nacional Torre do Tombo — Foto Artística Samorrinha (José Viegas Samorrinha), ref. PT/TT/SAM/A/001/000016",creditRequired,authorized-for-project-publication (project=YES; press/host/generic=PENDING),Item5 flyer/marcador
MM202601,MM202601_procissao.jpg,bca8a0261ff4990527627244e98ededfc5c03a22356ec21a26ae6441c81dbf51,617KB,derivado-acervo (= MM202601-original.jpg),-,idem MM202601,creditRequired,idem,Item4 poster
MM202603,MM202603-original.jpg,81c2b49c58a2e0b38afdc5565fd9b8912dde4c3da8c82e37a28a7e8237c8151b,320KB,derivado-acervo,-,Aldeia de Estoi — Cultura e Património (Luís Barriga),creditRequired,authorized-for-project-publication (project=YES; outros PENDING),Item5
MM202603,MM202603_pessoas.jpg,81c2b49c58a2e0b38afdc5565fd9b8912dde4c3da8c82e37a28a7e8237c8151b,320KB,derivado-acervo (= MM202603-original.jpg),-,idem,creditRequired,idem,Item4
MM202607,MM202607-original.jpg,142a29fa8ae43bb46153371f1d1cf3102619a969802ff8338df1f6c6aa371c98,25KB,derivado-acervo,-,acervo museu (ver matriz),creditRequired,a confirmar na matriz,Item5
MM202608,MM202608.png,f05f61fc560f5aef20b0da882248bde295ab34b9c66f10f84f3a542d3bf0f393,5169KB,derivado-acervo,-,Aldeia de Estoi — Cultura e Património,creditRequired,authorized-for-project-publication; uso dep. validação autoria (project=YES; outros PENDING),"Item5, Item6 (PHOTO)"
MM202608,MM202608_contexto.png,f05f61fc560f5aef20b0da882248bde295ab34b9c66f10f84f3a542d3bf0f393,5169KB,derivado-acervo (= MM202608.png),-,idem,creditRequired,idem,Item4
MM202608,MM202608_ctx.jpg,0c56eead9cfae2c254fea3b82ba3703a6fe106b8edb3849c1eab5dc15f2f3359,797KB,derivado-acervo,-,idem,creditRequired,idem,Item4
MM202613,MM202613_hauschild.png,f42df96c93c6ab566787845f8849b69f70e6dceb1a78e1cbc500e438928be510,14332KB,acervo-canónico (IDÊNTICO a public/media/museum/originals/MM202613.png),public/media/museum/originals/MM202613.png,Coleção Maria de Lurdes Mendes Martins; foto providenciada por Celeste e Branca Pimenta,creditRequired,authorized-for-project-publication,"Item4, Item7"
milreu-hoje,milreu-hoje.jpg,4d8bf958e6c38261c1498bb0c79dc21dc6782fb3ce8d8362db59ae622d270556,232KB,nao-acervo foto real (IDÊNTICO a public/media/exhibition/q3/lugar-hoje.jpg),public/media/exhibition/q3/lugar-hoje.jpg,Foto real do sítio (Ruínas hoje). Autor: José António Paula Brito,creditRequired,uso do projecto VALIDATED (ver rights-register/matriz),Item4
circuito-escavacao,oficina_escavacao.jpg,a046ddb8420155ac52a74832322e37eeee4e32f5d16516b26ab5fb0a4b41cd92,827KB,IA-conceptual derivado (canónico: assets/circuito_escavacao_simulada.png),docs/dissemination/poster-congresso/assets/circuito_escavacao_simulada.png,Ilustração gerada por IA (projecto),rotular «representação conceptual · não documental»,IA do projecto — uso do projecto com disclosure,Item4
circuito-estratigrafia,oficina_estratigrafia.jpg,6a3558bfe799314039b31cb372d73313cf11c6344c37ac07f7f5490acf8467b3,867KB,IA-conceptual derivado (canónico: assets/circuito_estratigrafia.png),docs/dissemination/poster-congresso/assets/circuito_estratigrafia.png,Ilustração IA (projecto),rotular conceptual,IA projecto + disclosure,Item4
circuito-mosaico,oficina_mosaico.jpg,0189b6e422e9915aac5a154c6bc5741b9300274eeb84f742f8ca1eb32a4d1a54,305KB,IA-conceptual derivado (canónico: assets/circuito_oficina_mosaicos.png),docs/dissemination/poster-congresso/assets/circuito_oficina_mosaicos.png,Ilustração IA (projecto),rotular conceptual,IA projecto + disclosure,Item4
MM202604,MM202604_crop.png,c384c7898296235b67891cd6aa3ae94ba4299290b2e1f5a5ea92091dbc9bbce2,867KB,derivado-acervo (JÁ VERSIONADO em editaveis/imagens/),docs/dissemination/dossie-convite/final/editaveis/imagens/MM202604_crop.png,Foto cedida por Luís Barriga (Aldeia de Estoi),creditRequired,authorized-for-project-publication,Item7
